,surv,upper,lower,std.err,hazard
0.0,1.0,1.0,1.0,0.0,0.0
1.0,1.0,1.0,1.0,0.0,0.0
2.0,1.0,1.0,1.0,0.0,0.0
3.0,1.0,1.0,1.0,0.0,0.0
4.0,1.0,1.0,1.0,0.0,0.0
5.0,1.0,1.0,1.0,0.0,0.0
6.0,1.0,1.0,1.0,0.0,0.0
7.0,1.0,1.0,1.0,0.0,0.0
8.0,1.0,1.0,1.0,0.0,0.0
9.0,1.0,1.0,1.0,0.0,0.0
10.0,1.0,1.0,1.0,0.0,0.0
11.0,1.0,1.0,1.0,0.0,0.00027062880231872217
12.0,1.0,1.0,1.0,0.0,0.0002914093476569908
13.0,0.9984963368981522,1.0,0.9937813486315531,0.002415755843221373,0.0003328525289784938
14.0,0.9982465869592876,1.0,0.9928804357420495,0.002751255090473308,0.0003536151412454866
15.0,0.997996837020423,1.0,0.9919795228525461,0.0030867543377252433,0.0005892095497882717
16.0,0.9977470870815583,1.0,0.9910786099630425,0.0034222535849771783,0.0006504361055656995
17.0,0.996252645209846,1.0,0.9857302484639182,0.005417522902783446,0.0007115463548150498
18.0,0.996252645209846,1.0,0.9857302484639182,0.005417522902783446,0.0007725146724223503
19.0,0.9956300882153433,1.0,0.9835166999684652,0.006246803877075765,0.0010127016758473633
20.0,0.9945941311210541,1.0,0.9798393410193447,0.007626765793702732,0.00113227271530432
21.0,0.9941807310212678,1.0,0.9783755305656772,0.008177446736037378,0.0013099193551326482
22.0,0.9933553473662715,1.0,0.9754582861488916,0.009277264850936691,0.0015196558438066938
23.0,0.9929433638110614,1.0,0.9740048521857737,0.009826402023501357,0.0016887308886639795
24.0,0.9882488373592699,1.0,0.95756067233974,0.01609605596605787,0.001733516986732834
25.0,0.987036170463311,1.0,0.9533467335028636,0.017719841826185672,0.0017941602243249362
26.0,0.9858282671032503,1.0,0.9491628860283013,0.019339114820282197,0.0019018164664529927
27.0,0.9846258495186744,1.0,0.945011422429249,0.0209528918478664,0.0019629052186364094
28.0,0.9798661730606175,1.0,0.9287078495957237,0.027359661931986343,0.002075153730441626
29.0,0.9775144050482936,1.0,0.9207279738753383,0.03053654740015426,0.002216793103153682
30.0,0.9740205841429757,1.0,0.9089647216577468,0.035270165684194735,0.002258126397839082
31.0,0.9699066462825585,1.0,0.9015414545212277,0.037293423666277706,0.002255394791076754
32.0,0.9666148751582395,1.0,0.8989410601339323,0.037032658908563165,0.0023299229359353513
33.0,0.9642851253840956,1.0,0.8970987853424396,0.036848129993900504,0.002428022099156763
34.0,0.962901986150307,1.0,0.8960045676965045,0.03673848940600808,0.0025022393650819437
35.0,0.9606025466566119,1.0,0.8941840042383276,0.03655635206527814,0.0023976612538557287
36.0,0.959227255556644,1.0,0.8930943940237275,0.03644747509287812,0.0024723692339090704
37.0,0.955614392120208,1.0,0.8902299936495617,0.03616118844296916,0.0025680896492831754
38.0,0.9529366555437374,1.0,0.8881047384709644,0.035949001492348,0.0025333914267781196
39.0,0.9516058609922315,1.0,0.8870477272885979,0.03584357674672389,0.0023548706469962554
40.0,0.9507221077882602,1.0,0.88634554578497,0.03577356488470056,0.0023016804791328575
41.0,0.9489643341638072,1.0,0.8849483118689895,0.0356343015558308,0.0023374364045670995
42.0,0.9463492893767378,1.0,0.8828680766069416,0.035427137790548985,0.0023791869178248514
43.0,0.9446213864577018,1.0,0.8814925545976259,0.03529024761969246,0.002377383836378571
44.0,0.9420571714101863,1.0,0.8794499088178778,0.035087036707164315,0.0023007522473058642
45.0,0.939522703618866,1.0,0.8774292805047599,0.03488614974906314,0.0024188232088277668
46.0,0.9366016839244062,1.0,0.8750984137149688,0.034654586689083854,0.0025687949706829773
47.0,0.9361870956593836,1.0,0.8747673554239036,0.034621731638547676,0.0026234133234886974
48.0,0.934946538269452,1.0,0.873776560824575,0.03452341886152366,0.002537146099702588
49.0,0.9337102067558887,0.9988842238388398,0.8727885904444186,0.03442549527362372,0.002578818585086967
50.0,0.9296396382255039,0.993901125289661,0.8695330333794954,0.034103012231001116,0.0026714752365219604
51.0,0.9248402041288539,0.9880336616459651,0.865688528247847,0.033722950838599025,0.0027678626235204794
52.0,0.9216893920025386,0.9841864567267713,0.8631609718389375,0.03347360399580114,0.0027582698478654222
53.0,0.9209075523754744,0.9832324069869585,0.8625333309836394,0.03341175535897686,0.0026431766612065436
54.0,0.9174083857704433,0.978965664193109,0.8597218238247735,0.03313522451439633,0.00271249374375871
55.0,0.9124120457404041,0.9728824566070211,0.8557002322689935,0.03274118883981347,0.0026573019160259295
56.0,0.9101408901385694,0.9701203267883313,0.853869793093089,0.03256216689468408,0.002679793179922532
57.0,0.9082623013340841,0.9678371797368935,0.8523545336922752,0.03241419529828391,0.0026597997404826023
58.0,0.9049306081535473,0.9637909002397569,0.8496650134401437,0.03215164860919638,0.0027196871554693966
59.0,0.9020074628025931,0.9602444215390227,0.8473024651534106,0.031921525284896106,0.002791570199676043
60.0,0.8994760310866986,0.9571760031987161,0.8452542978467399,0.031722460369864904,0.002825524378261182
61.0,0.8980363377420353,0.9554322318977675,0.8440883999729037,0.03160940953415173,0.0027761467312665098
62.0,0.8976749991740886,0.9549948246702725,0.8437955743916806,0.031581096069123016,0.0027018865234782895
63.0,0.8948057417695818,0.9515230803973781,0.841469150244405,0.03135632801179293,0.0026616776467171988
64.0,0.8933844768666,0.9498046180019779,0.8403157983619357,0.031245085215896917,0.0028255561056312302
65.0,0.8905692311259246,0.946403044997624,0.8380293807047012,0.03102488841569049,0.0028531262523970955
66.0,0.8881423363621065,0.9434730916218446,0.836056498742097,0.030835171611096435,0.002651314986174745
67.0,0.8867710452118921,0.9418185480739016,0.8349409641956723,0.030728016447592262,0.0026195517632548195
68.0,0.8843655907552705,0.9389189686412899,0.8329818934006106,0.030540671975484247,0.002573551131833648
69.0,0.8826582860023284,0.9368624912053505,0.8315901822968819,0.030407897282349116,0.0024441858948611793
70.0,0.8796187441908775,0.9332043863543236,0.8291100518390064,0.030171805104123876,0.0024432838244812837
71.0,0.8762885192108236,0.9292009144878346,0.8263891682202162,0.029913594745606724,0.002480325709388682
72.0,0.873987210335661,0.9264371695862214,0.8245066896133648,0.02973548851848936,0.002578957573517411
73.0,0.8704110466210195,0.9221473717922077,0.8215773476828552,0.02945945112681595,0.0026688668665749826
74.0,0.8665642290363669,0.9175395992838253,0.81842087834831,0.02916354057408883,0.002596919519345634
75.0,0.8652892056079305,0.9160140672367101,0.8173732673239886,0.029065794436226967,0.002624571085548521
76.0,0.8637042332000157,0.9141187231939768,0.8160701487888989,0.028944444917526086,0.00258772964379642
77.0,0.8627582023055416,0.9129880737813674,0.8152918298358973,0.028872127743751887,0.002689381955700352
78.0,0.8618192454429022,0.911866126729505,0.8145191383297176,0.028800341365626106,0.0027832172778944828
79.0,0.8590170488918696,0.9085206672374752,0.8122107933005163,0.02858667293260173,0.0027448987355220647
80.0,0.8559418315459186,0.9048535938046098,0.8096739909251166,0.028352928431837933,0.002663731040521037
81.0,0.8528874078772568,0.9012164294233249,0.8071501009454001,0.028121883424078238,0.0026208580544291246
82.0,0.851076423402854,0.8990619630498992,0.8056520125063986,0.027985213771455554,0.0025643098300592274
83.0,0.8495808164930362,0.8972837555912065,0.8044139429197614,0.027872491607792108,0.002533567544574904
84.0,0.8477976499912304,0.8951651264646284,0.8029366136830332,0.02773837351341161,0.0024595716627239307
85.0,0.8457383226709774,0.8927202329925075,0.8012289688547014,0.02758378572591564,0.002335320734219848
86.0,0.8416753283594108,0.8879027406922864,0.7978546829042336,0.02728001725732699,0.002393977322091173
87.0,0.8388162238551222,0.8845179658609943,0.7954758249789329,0.027067420773644303,0.0024964222024644834
88.0,0.8372004612180926,0.8826073530300571,0.7941295876641757,0.02694787939322145,0.0025569237113327557
89.0,0.8370094434441412,0.8823816239655158,0.7939703076923917,0.026933799194049604,0.002617299548748646
90.0,0.8348220296110301,0.8797981789126768,0.7921451066746208,0.026772920711000826,0.0025960023258706274
91.0,0.8325704553071568,0.8771414684321388,0.7902642721958051,0.02660784879520422,0.0024950733860056792
92.0,0.8309024196417216,0.8751749371598607,0.7888695193838559,0.026485903914700987,0.0024693037557955654
93.0,0.8286872217028032,0.8725661362658153,0.7870148564403032,0.026324795071871045,0.0024866088296047755
94.0,0.8270404798813589,0.8706286548830482,0.7856345556197033,0.026205526066732397,0.002522003562506089
95.0,0.8248694966087755,0.8680763760149773,0.7838131600260143,0.02604869316260062,0.0025541074120225445
96.0,0.8216598141960307,0.8643073590681012,0.7811166295439023,0.02581780828250473,0.002552063404390386
97.0,0.8198046536818466,0.8621316482223372,0.7795557344219989,0.02568511406079552,0.0024114184427805416
98.0,0.8179662246428591,0.8599775811533872,0.7780071948439482,0.02555417498597898,0.0023146491142074575
99.0,0.8156334882432583,0.8572468467782723,0.7760401681779938,0.02538863771550334,0.0023073395432766917
100.0,0.8143487408760579,0.8557443095347604,0.7749556324325483,0.02529786951164341,0.0024156054930080397
101.0,0.8118252940195472,0.852795415206831,0.7728234662680487,0.02512010651768739,0.0024713760816928924
102.0,0.8098291089766043,0.8504654204877481,0.7711344526243726,0.02498030254687223,0.0024225438058114003
103.0,0.8078516232805517,0.848159529055535,0.769459309970757,0.024842458567134247,0.002422879165629532
104.0,0.8056449275091737,0.8455893208722851,0.7675874484220149,0.024689584579935565,0.002388814196099954
105.0,0.8037265509828886,0.8433567218932537,0.7659586412078341,0.024557045899008402,0.0024169710674365155
106.0,0.8020743322848508,0.8414351105377857,0.7645547792215523,0.024443103141549696,0.0024262568216077514
107.0,0.8008921819291892,0.8400613675803791,0.763549321310653,0.02436198446170965,0.002286700408171956
108.0,0.7994832084348559,0.8384251352814497,0.7623499984345389,0.024265631450936916,0.0022173146294436493
109.0,0.7976175612199304,0.836260427432952,0.7607603482079593,0.024138629603431876,0.0022172364157319966
110.0,0.7946200367086111,0.8327868790783093,0.7582023914810425,0.023935997856707088,0.0021304354883581816
111.0,0.7932580553825965,0.8312101683498843,0.7570387934934467,0.02384435589684849,0.002081424865914379
112.0,0.7916796097157492,0.829384400848595,0.7556889227701983,0.023738682683206523,0.002034923251784013
113.0,0.7901080314829004,0.8275682143067193,0.7543434983982652,0.023634028445896058,0.002046880552055407
114.0,0.7881006744471596,0.8252507466519576,0.7526229762092085,0.023501163647230674,0.001952481599274756
115.0,0.7858746998400837,0.822684464382272,0.7507119322017068,0.023355207494035444,0.0019490406510943828
116.0,0.7849918166640264,0.8216675071586542,0.7499531706691976,0.023297636070469068,0.0019883563565510323
117.0,0.7843279430953644,0.820903360265623,0.7493821472536581,0.02325458894023029,0.001952068046627615
118.0,0.7825692489279146,0.818880609427503,0.7478680320208695,0.023141177048497504,0.0019576339220955946
119.0,0.7816945469375614,0.8178754346193939,0.7471142172823848,0.02308510647180846,0.0020115151395410135
120.0,0.7812594370825499,0.8173755789950311,0.746739105212956,0.023057263420654978,0.00195902066416891
121.0,0.7795409425074574,0.815402026913494,0.7452570160725962,0.02294738969961245,0.0018836302997080044
122.0,0.7774213879014369,0.8129703178751652,0.743426914233387,0.02281269567123053,0.0019111643500528924
123.0,0.7769987356758307,0.812485832649019,0.743061615838148,0.0227860037428075,0.0019485041133438792
124.0,0.7749063241556975,0.810088924810819,0.7412517233796747,0.02265443067207444,0.0019237711540390668
125.0,0.77243012237784,0.8072564266822152,0.739106279742614,0.02250031943364019,0.0018580300395702868
126.0,0.7714089371327297,0.8060895956349603,0.7382203560380992,0.022437282626033384,0.0017891895193356802
127.0,0.7701994365774573,0.8047082550066954,0.7371704818652531,0.02236281180775714,0.0018191573760902614
128.0,0.7680089977647375,0.802208825574074,0.7352671800313315,0.02222872464326846,0.0018753069528916586
129.0,0.7670246645911843,0.801086611822052,0.7344110204926328,0.022168832236884886,0.0018474050048320524
130.0,0.7652597718348604,0.7990765612188798,0.7328741038314806,0.02206234886179881,0.0018294153534680192
131.0,0.7635254394365291,0.7971031173366357,0.7313622089631624,0.02195836709856492,0.0018755603257542021
132.0,0.7614250378790308,0.7947160595843756,0.7295285927568269,0.021833646074237663,0.0019063925482808576
133.0,0.760294843940073,0.793432976774842,0.7285407424587808,0.021767111675620038,0.0018739309014548003
134.0,0.7593596958473495,0.792371974495332,0.7277227946440654,0.021712324282378768,0.001951901638689835
135.0,0.7582480117249206,0.791111436260812,0.7267497610731674,0.02164749660316509,0.0018852336055624457
136.0,0.7569534042937673,0.7896448746425505,0.7256153682770838,0.02157264888169029,0.0018589335085342534
137.0,0.7554782074410646,0.7879756091469579,0.7243210519880302,0.021488249566858235,0.0019156957218152398
138.0,0.754201164384654,0.786531722282031,0.7231995611172606,0.021415662127354386,0.0019471118326323186
139.0,0.7536540027903349,0.7859135382072682,0.7227186306637636,0.02138477996116292,0.0018808846277635922
140.0,0.7525654186868016,0.7846843676075735,0.7217611730312234,0.02132366966745846,0.001882767943012242
141.0,0.7504307203928219,0.7822761738797117,0.7198816544835468,0.02120472714396924,0.0018944597668540792
142.0,0.7488603698316185,0.7805065799458027,0.7184972784512451,0.021118054542064453,0.0018549823707241068
143.0,0.7473073021664352,0.7787585792675679,0.7171262300349295,0.021033345725977676,0.0017696805654939685
144.0,0.7462829759218207,0.777606787831068,0.7162209603182284,0.020978000520407138,0.0017280461357728246
145.0,0.7442584556296518,0.7753327700337196,0.7144295589626588,0.020869747112540707,0.0017603862073459439
146.0,0.7424325633264874,0.7732844531155025,0.7128115777664642,0.020773302156621227,0.0018198501722136108
147.0,0.7408051039423675,0.771460522979384,0.7113678350093976,0.020688098636959175,0.0018257812347787453
148.0,0.7396677625195347,0.7701875231194882,0.7103573904176471,0.02062941081838933,0.0018285422553160648
149.0,0.738708364508117,0.769114134816514,0.7095046407690556,0.020580055189109915,0.0017847459026577028
150.0,0.7368215051631468,0.7670049807751199,0.707825821485782,0.020483856001536592,0.0018285620339374125
151.0,0.7357313365963822,0.7657877940083245,0.7068545671335352,0.020428987504502318,0.0018355860618857296
152.0,0.7349558953914385,0.7649227087170105,0.7061630699906386,0.02039032362844442,0.0017711150743428307
153.0,0.7344930150806123,0.7644065215885799,0.7057501132788192,0.0203673427066387,0.0017250452500108995
154.0,0.7331211803380049,0.7628775874021176,0.704525436387408,0.020299643467760756,0.0016411973741284871
155.0,0.7311724606474493,0.7607081846024346,0.7027835088808047,0.020204690167392764,0.0016882198716869777
156.0,0.7298391162117618,0.7592258061136636,0.7015898713723059,0.020140734340720175,0.0016662018537362397
157.0,0.7283724799993632,0.7575971551587166,0.7002751608861596,0.020071398574209358,0.001618730668329045
158.0,0.7277917941275576,0.7569528441424543,0.6997541521788123,0.02004421805899595,0.001528156676512748
159.0,0.7266456597591149,0.7556817807136098,0.6987252153095933,0.01999087849253118,0.0015360752771367324
160.0,0.7255030043027367,0.7544159525629451,0.6976981432450723,0.019938458829380987,0.0015275243206099554
161.0,0.7243649801664551,0.7531565551316441,0.6966740460512784,0.019886962667675145,0.0014087890552472047
162.0,0.7235163649995247,0.7522181984422605,0.6959096862924858,0.01984897282247399,0.0013629356447934673
163.0,0.7232346807525507,0.7519068636978574,0.6956558435302125,0.01983643584923965,0.001413686063066991
164.0,0.7215623755499936,0.7500597635319262,0.6941477028863714,0.019762637949422075,0.0014303777213988044
165.0,0.7199008497409057,0.7482272688733158,0.6926468134577543,0.019690806258153705,0.001365270085771654
166.0,0.7188071647881571,0.7470220344714928,0.6916579650594583,0.019644012603635526,0.0012878512274696486
167.0,0.7185356653730048,0.7467229861223444,0.6914123605058607,0.01963247097411871,0.0012709527930798096
168.0,0.7173172602512929,0.7453819671388119,0.6903092300844434,0.01958126231496712,0.0012617146753552216
169.0,0.7165161811361106,0.744501010438099,0.6895832653440859,0.01954800140936534,0.0012408955117085509
170.0,0.716383125192082,0.7443547639973506,0.6894626150616143,0.019542521119039126,0.0012344821687256436
171.0,0.7159850999596102,0.743917308766591,0.6891016747736616,0.019526138334804283,0.0012099305936291843
172.0,0.7145032993132875,0.7422913739923427,0.6877554861500484,0.01946680483301263,0.001185082792665549
173.0,0.7138284894150762,0.7415518881255595,0.6871415479618229,0.019440364257712107,0.001179923909728336
174.0,0.7134241500200964,0.7411090917070207,0.6867734097182174,0.019424698976059994,0.0013108214622018764
175.0,0.7126162656258626,0.7402249246892892,0.686037345066001,0.0193937296834589,0.0012818066388903258
176.0,0.7115496498315421,0.7390585491887063,0.6850646742117468,0.019353389570104334,0.0012526943141426441
177.0,0.7102388329340579,0.737626584262004,0.6838679768523859,0.019304647341624487,0.001202944561834475
178.0,0.7099794679998164,0.73734344762621,0.683631008925045,0.019295118952674835,0.0012529314159730606
179.0,0.7089472417838898,0.7362173755299657,0.6826872176338641,0.01925765438016906,0.0012269241518386893
180.0,0.7081775378534865,0.7353785360998968,0.681982680402222,0.01923022997380143,0.0012298322444255845
181.0,0.7074154056861728,0.7345484702597771,0.6812845938714438,0.019203377476987964,0.0012550049442411418
182.0,0.7066604638091527,0.733726793921275,0.6805925792598553,0.019177108041348048,0.0012941331374948213
183.0,0.7045333457959562,0.7314153782696595,0.6786393207118431,0.019105383048046962,0.0013042137047941224
184.0,0.7032984025319906,0.7300755156401246,0.67750339849483,0.019064994687224814,0.0013062336179625112
185.0,0.7020740186842891,0.7287487456124884,0.6763756791062951,0.019025950722692607,0.0013997646034178677
186.0,0.7017088803506029,0.728353416569124,0.6760390513570851,0.019014519675504736,0.0014000533473520868
187.0,0.7007491684083359,0.7273147819337541,0.6751538800635739,0.018984719655675206,0.0013739460325630742
188.0,0.69992130349054,0.7264195099377845,0.6743896940789134,0.01895941990546007,0.0013300599323867446
189.0,0.6991004104309491,0.7255322913597251,0.6736314698985342,0.018934632969066237,0.0013606579039792707
190.0,0.6986331578013596,0.7250276583913925,0.6731995442556666,0.018920759925727452,0.0013121398940133333
191.0,0.6977053854327625,0.724026205845083,0.6723414165855032,0.018893539412708413,0.0013139427218990323
192.0,0.6961051911841025,0.7223010423447793,0.6708593907591791,0.018847908294423052,0.0012924152265088326
193.0,0.6954259250920977,0.7215696809298876,0.6702294041576615,0.01882914736991441,0.001333730183263239
194.0,0.6937314615909018,0.7197480160507344,0.6686553211243935,0.018784136169963803,0.0012131292614563935
195.0,0.6929470529290555,0.7189058502203913,0.6679255955852763,0.018764022955762974,0.0011641247319468064
196.0,0.6922737003639107,0.7181833920308824,0.6672987450666414,0.018747057752352712,0.001130598762301061
197.0,0.6916033753295228,0.717464756933813,0.6666741803805958,0.018730544195789373,0.0011430867799053631
198.0,0.6909412070540794,0.7167554088434644,0.6660567129702055,0.01871458570292922,0.0011274097018407873
199.0,0.6906119010675941,0.7164028403397866,0.6657494513421857,0.01870678107438804,0.0010982993354154826
200.0,0.6898410981417722,0.7155782718302235,0.6650296123160342,0.018688970090835037,0.0010693199105730057
201.0,0.6894026681549936,0.7151094819639877,0.6646199649948676,0.018678979702191595,0.0010658448569850338
202.0,0.6880966677435472,0.7137144556824919,0.6633983946938689,0.01865015194245641,0.001055241241786603
203.0,0.6876686173973967,0.7132576147780916,0.6629976568981735,0.01864095700395354,0.0009448189150515937
204.0,0.6871337449197226,0.7126870874435081,0.6624966155919417,0.018629680905428374,0.0009011078490934455
205.0,0.686392621157057,0.7118971046829891,0.6618018633421874,0.018614416725052794,0.0008431810572385482
206.0,0.6858723765979757,0.7113428068263308,0.661313943805726,0.018603857446629884,0.0008438565363931088
207.0,0.6851474468892602,0.7105707151905689,0.66063378908119,0.018589323577221574,0.0008526712071055886
208.0,0.6847391019892349,0.7101360027454081,0.6602504815801724,0.018581265705717283,0.0008186700810766206
209.0,0.6843345917157395,0.7097055898646476,0.659870571844873,0.018573430125118848,0.0008275621360299919
210.0,0.6839309949611168,0.709276380700784,0.6594913049448411,0.01856576955847561,0.0008392588301510379
211.0,0.6831648316466323,0.7084620284549001,0.6587709269640242,0.018551513198531617,0.0008115467156919515
212.0,0.6830984758860124,0.7083915313268645,0.6587085067053979,0.018550300130518223,0.000870107114586582
213.0,0.6830321201253925,0.708321034198829,0.6586460864467716,0.01854908706250483,0.0008023277613140099
214.0,0.6821441498390022,0.7073782207952035,0.6578102456161766,0.01853324321527053,0.000791921883092034
215.0,0.681360236099249,0.7065467897522872,0.6570715175207591,0.018519870741705573,0.0008140864962852984
216.0,0.6805758255832846,0.7057157174901116,0.6563314984962938,0.018507098925474467,0.0008074444553187761
217.0,0.680381152424905,0.7055095761735299,0.6561477380505284,0.01850400580779206,0.0008033011778851245
218.0,0.6796064732141929,0.7046897008026565,0.6554160759158993,0.018491997966983725,0.0007906212946064685
219.0,0.6791266021846811,0.7041821003055931,0.6549626035577418,0.01848473958908323,0.0007876533440711569
220.0,0.6787440467008536,0.7037776539057524,0.6546008933008055,0.01847910155646588,0.0007978319566524832
221.0,0.6775152079505463,0.7024797482506795,0.6534378509134384,0.01846185591046029,0.0008057904991150077
222.0,0.6771440011169815,0.7020879487671642,0.653086267976204,0.018456830955611375,0.000754217733073291
223.0,0.676866556974364,0.7017952374222328,0.6528233757087847,0.018453161914765946,0.0007932677495114158
224.0,0.6760383848721225,0.7009219501360766,0.6520382158586104,0.018442524084704582,0.0008019874641967385
225.0,0.6753966655385383,0.7002457769059945,0.6514293564698128,0.01843463076232577,0.0007951526028682479
226.0,0.6749416257249816,0.6997666368828229,0.6509973098567337,0.01842926546613824,0.0007889577774406201
227.0,0.6743977337981573,0.6991942798238513,0.6504805838349149,0.01842309192336978,0.0007441989632634503
228.0,0.6740381713764594,0.6988160754031278,0.6501388168726479,0.018419133679959072,0.0008190750619898399
229.0,0.6735040171014554,0.6982545494385852,0.649630799280777,0.01841348105904074,0.0008126082113220774
230.0,0.6730011902078478,0.6977265116608581,0.6491520595141484,0.018408557919717124,0.0007901422005682306
231.0,0.6729422739215247,0.6976646659601758,0.6490959426883328,0.018407998539941635,0.0007874149807126828
232.0,0.672355162228092,0.6970486365416608,0.6485364728889264,0.0184026197992407,0.0007218423211649704
233.0,0.6721794181293484,0.6968643640653561,0.6483688841840887,0.018401101416922312,0.0007262879610673744
234.0,0.6713924881677297,0.6960397650613581,0.6476179893675037,0.018394672733152748,0.0007374563184701333
235.0,0.6707007476910885,0.695315532495131,0.646957348039972,0.01838946447826267,0.0007385344276038342
236.0,0.670528543875345,0.6951353415907147,0.6467927916358787,0.01838824080162016,0.0007160029628524896
237.0,0.6693320335063608,0.6938842709954028,0.6456485466020636,0.01838040907765256,0.0007073530364107046
238.0,0.6686534909864341,0.6931756061445103,0.6449988820228152,0.01837655790049969,0.0006980768517862666
239.0,0.6684848432886652,0.6929995634074819,0.6448373264619827,0.01837566699868696,0.0006838720495535719
240.0,0.6681473624168945,0.6926473544757097,0.6445139723992617,0.018373934531060232,0.0007052044716906522
241.0,0.6678079787503484,0.692293241622683,0.6441887189850252,0.01837225089730469,0.0006862862269294406
242.0,0.6673840761222892,0.69185117313516,0.6437822502247719,0.018370316284352962,0.0007544253464877969
243.0,0.6669638533682087,0.6914131517412461,0.6433791150481896,0.018368550550380412,0.0007466301206073355
244.0,0.6661285229857892,0.6905431526749601,0.6425770893773667,0.018365560061235266,0.00083583595586305
245.0,0.6657960112564478,0.690197103912924,0.6422575900304182,0.018364562130213397,0.0008193203026295281
246.0,0.6654636598026102,0.6898513456820756,0.6419381295547375,0.018363655189965244,0.0008384702607537899
247.0,0.6650505863707019,0.6894216302964313,0.6415410584693166,0.018362542332483675,0.0008713129582227924
248.0,0.6648874820837702,0.6892520592555937,0.6413841756369161,0.018362179812119517,0.0008043804307293784
249.0,0.6640745347011995,0.6884074744461751,0.6406016843344065,0.018360810727901425,0.0007820578344157231
250.0,0.6638309622479559,0.6881545932688811,0.640367078487085,0.018360526179819966,0.0008152598394422333
251.0,0.662869163367372,0.6871564670783563,0.6394402858661559,0.01835972002124529,0.0008300003510274368
252.0,0.6623935713946995,0.6866633196651757,0.6389816244137978,0.01835962349801489,0.0008440609497613212
253.0,0.6610369501326765,0.6852584943678223,0.6376715546500921,0.01836074170825037,0.0008459700332705983
254.0,0.6604791306717668,0.6846816689494923,0.6371321182328361,0.01836180996443528,0.0008314694992942941
255.0,0.6595416690498679,0.6837132523356988,0.6362246332466868,0.018364345150587477,0.0008461683902405505
256.0,0.6589424616581108,0.6830947373551574,0.6356441413343981,0.01836632657209098,0.0008489012720582701
257.0,0.6586445678563825,0.6827873808754028,0.635355425301882,0.018367414609205872,0.000824399603208258
258.0,0.6582707362324937,0.6824018561689386,0.6349929418609237,0.018368917273597157,0.000831773092189638
259.0,0.657670108956462,0.6817829570641917,0.634410068091627,0.018371720739349215,0.0008309430341339912
260.0,0.6571462204988111,0.6812436689965878,0.6339011645454782,0.018374572970295357,0.0008024599315127434
261.0,0.6566299072556595,0.6807123877224424,0.6333994251892193,0.018377544882965394,0.0007954201950902868
262.0,0.6561901919354759,0.6802601765651412,0.6329718875599712,0.018380268320340367,0.0007769472082397495
263.0,0.6559709806345945,0.6800348533915702,0.6327586377213777,0.018381715738948888,0.0007842254259691138
264.0,0.6549507742166156,0.6789869387757071,0.6317654908368721,0.01838901779016943,0.0007185327430682849
265.0,0.654591672933679,0.6786184042284682,0.6314156167946401,0.018391833730777723,0.0007132562903799638
266.0,0.654591672933679,0.6786184042284682,0.6314156167946401,0.018391833730777723,0.0006942147282192025
267.0,0.654090475998951,0.6781043678376943,0.6309269945530775,0.018396014915179417,0.0006800202155552461
268.0,0.6539473998088512,0.6779576977124091,0.6307874416949688,0.01839726334972229,0.0006784153695026123
269.0,0.6535179283111907,0.677517561982631,0.6303684311518845,0.0184011071651703,0.0006864394766325252
270.0,0.6533752824074868,0.6773714105503215,0.6302292258171065,0.01840241248114207,0.0006818112655082304
271.0,0.6526642368732574,0.6766433130477038,0.6295349379505923,0.01840924574314263,0.0006826349974790819
272.0,0.6521011196899595,0.6760670684557419,0.6289847415184084,0.01841495241699001,0.0006584996614047873
273.0,0.651613443517963,0.6755682928822223,0.6285080046635075,0.018420105808769877,0.0006650479526707008
274.0,0.6511314916269599,0.6750756178860102,0.6280366349431741,0.018425392333558523,0.0006784891757421781
275.0,0.650449892411135,0.6743794467894375,0.6273694498741751,0.01843333078668668,0.000625327605166165
276.0,0.6500426353823494,0.6739638375400898,0.6269704756835333,0.018438350293691244,0.0006130108870252884
277.0,0.6497717645950609,0.6736875486941333,0.6267049864356116,0.018441796096954385,0.0006627400575709696
278.0,0.6492991463907655,0.6732057252846185,0.6262415271728962,0.018448003277052084,0.0006636530277464987
279.0,0.6487650802090855,0.6726615905569823,0.6257175007572346,0.018455281331912987,0.0006822015975894035
280.0,0.6482365151955323,0.6721233972622833,0.6251985592890592,0.01846275160423682,0.0007168650359175497
281.0,0.6480408705860017,0.6719243226310271,0.6250063523626477,0.018465621443940646,0.0007301578486143156
282.0,0.6475215087495567,0.6713960458450386,0.6244959393038144,0.018473392582510278,0.0006992431281813627
283.0,0.6471330919010647,0.6710011778315574,0.6241140142084654,0.01847937679402995,0.0006842699909943824
284.0,0.6468104497527125,0.6706732455990475,0.6237967007847799,0.018484405161418204,0.00066419427108944
285.0,0.6466165725816422,0.6704761735582766,0.6236060406440834,0.018487417079625097,0.0006304594553286756
286.0,0.6459753203702152,0.6698246385770482,0.6229751646872346,0.018497608043576023,0.0005951917227203711
287.0,0.6454679761632023,0.6693094725386646,0.622475738575353,0.01850592421139304,0.0005966380933069955
288.0,0.6450899505843769,0.6689258289423988,0.622103417660967,0.018512289296667685,0.0005898586171546608
289.0,0.6442170894734719,0.6680407203215475,0.6212430556206757,0.01852756784204162,0.0005719522599614448
290.0,0.6439088902789439,0.6677283908761188,0.6209390893747152,0.018533120649256458,0.0005492401602438784
291.0,0.6436049842958663,0.6674204377012948,0.6206393337894852,0.018538620971881137,0.0005223105999724954
292.0,0.6432419181360687,0.6670526647755299,0.6202811068727572,0.018545296751802734,0.0005577191080533196
293.0,0.6430198688799185,0.6668278355400347,0.620061925641333,0.01854945876480788,0.0005358720846431725
294.0,0.6429795291561513,0.6667869991643611,0.6200220991618449,0.018550221603054716,0.0005245067019487594
295.0,0.6427585263689719,0.6665633218030664,0.6198038651521232,0.01855443801653387,0.0005274122434853786
296.0,0.6423371759844408,0.666137131431729,0.619387552777416,0.018562683101707007,0.0005309141897574173
297.0,0.642158351587472,0.665956381947733,0.6192107466704824,0.018566284629639714,0.0005039727889395204
298.0,0.6419210739142767,0.665716614049384,0.6189760874843528,0.01857111546874421,0.0004782561440931191
299.0,0.6416838786645545,0.6654770423795681,0.6187414049146882,0.018576034744017186,0.00047595720206227115
300.0,0.6415060244333727,0.6652974667052967,0.6185653786152235,0.018579771925251638,0.0004125795398843084
301.0,0.6408581119964497,0.6646437415204236,0.6179236996571261,0.01859375595773726,0.0004198854633382611
302.0,0.6406238101141237,0.6644074855198059,0.6176915146685233,0.018598933367481807,0.00042271218374735636
303.0,0.6403852267787593,0.6641668604465525,0.6174551353006097,0.018604169346691374,0.00041208816849972016
304.0,0.6400287810949914,0.6638073316539077,0.6171020130373828,0.018611973951972935,0.0004124528751645728
305.0,0.6397934970249275,0.663570102261916,0.6168688393928079,0.018617199385607457,0.0004528757370425893
306.0,0.6395017463473545,0.6632760444391446,0.6165796081586636,0.018623764837108068,0.00047814024153257183
307.0,0.6393276713041272,0.6631006710429836,0.6164069637496584,0.01862774534912154,0.00044960625124452753
308.0,0.6389820688084582,0.6627526028029429,0.616064097726223,0.018635740404251377,0.00045685370841676087
309.0,0.6389247065122661,0.662694830860947,0.6160071900084625,0.018637067814425576,0.0004592412219731466
310.0,0.6385250508456317,0.6622925296756407,0.6156105078823038,0.018646484311702544,0.0004659235962693282
311.0,0.6381871903630381,0.6619526531308967,0.6152749566302064,0.018654623663459116,0.0004646884220921176
312.0,0.6379624650892713,0.6617267224600527,0.6150516414884213,0.018660146725581465,0.00044280695688246813
313.0,0.6377379219607316,0.6615010802583717,0.6148284095788028,0.01866575039143139,0.00044093892592125545
314.0,0.6371825449915941,0.6609435334174569,0.614275766563406,0.01868005043361871,0.00044278125967678875
315.0,0.636641071800491,0.6604003462825132,0.613736586584253,0.018694326384033774,0.0004231616308371928
316.0,0.6365873780904377,0.6603465073943412,0.6136830972925209,0.01869576234891597,0.0004374126750079604
317.0,0.636318537393595,0.6600771030828012,0.6134151285403928,0.01870308263796492,0.0004470534154113702
318.0,0.6360534355629857,0.6598116476991652,0.6131506988429737,0.01871046320997945,0.00044164117675580405
319.0,0.6357336332388009,0.6594915757007845,0.612831561952165,0.018719496199055354,0.0004267510211116707
320.0,0.6355743096443768,0.6593321814889602,0.6126725107990435,0.018724049153615717,0.0004424243219123604
321.0,0.6352082143747219,0.6589660572691032,0.6123069180243814,0.018734622292055924,0.0004151518405705782
322.0,0.6350002268778508,0.6587581254695999,0.6120991492097049,0.01874069042459867,0.00039273008182069474
323.0,0.6347406463665495,0.6584987329796719,0.6118397317644122,0.018748361229406034,0.00039116785603740073
324.0,0.634636593695775,0.6583947758242001,0.6117357258148329,0.01875145336158171,0.00042118611432181654
325.0,0.6342221509781469,0.6579808297833609,0.6113213616383399,0.018763869356037223,0.00039330333232888274
326.0,0.6338101501790073,0.6575695729718027,0.6109092071554816,0.01877642215312936,0.00037415409738444087
327.0,0.6337074623883674,0.6574671145225601,0.6108064403832882,0.018779587401909124,0.00038953927786041035
328.0,0.6335536646558536,0.6573136970540363,0.6106524902764416,0.018784358363099867,0.0003762339286651968
329.0,0.633299421918931,0.6570602042212705,0.6103978832231196,0.01879234473146075,0.00037486132165465933
330.0,0.6332487176612617,0.6570096627613133,0.6103470940355317,0.01879394835739916,0.0003613421924474759
331.0,0.6331977838979719,0.6569588981724133,0.6102960697430124,0.01879556412932338,0.00035274779786698157
332.0,0.6329948489627086,0.6567566541603154,0.6100927585264866,0.0188020169719288,0.00033807373193741854
333.0,0.63239134240765,0.6561555721829377,0.6094877905643447,0.01882151861004198,0.00032431188388092497
334.0,0.6321918751680133,0.6559570462182026,0.6092877107377135,0.018828081021905297,0.000333354665936606
335.0,0.6318951644542742,0.6556618417448141,0.6089899906364326,0.018837932772666776,0.00033290506533697225
336.0,0.6316482434778194,0.655416259252907,0.6087421510467282,0.0188462042977965,0.00030404854031137725
337.0,0.631549901099901,0.6553184778008185,0.6086434170417595,0.018849522127146152,0.0002948961831408045
338.0,0.6313039769817471,0.6550740133028562,0.608396460955303,0.018857867887983683,0.000298586400379873
339.0,0.6311571144746216,0.6549280593778799,0.6082489480300088,0.018862883455015945,0.000298175597906929
340.0,0.6311082171435574,0.6548794728031088,0.6081998265200959,0.018864560471490474,0.00027812118880165654
341.0,0.6309293548221788,0.6547017529172877,0.6080201389508899,0.01887070099817422,0.000285879347966087
342.0,0.6308968761159719,0.6546694863323195,0.6079875060721488,0.01887182003483732,0.0003090300299182578
343.0,0.6305242874967575,0.6542994507824176,0.6076130381162501,0.018884758775114828,0.00031242851900327906
344.0,0.6304273227820856,0.6542031884923806,0.6075155491530203,0.018888158116123148,0.0002723942517116649
345.0,0.6303789121681624,0.6541551331924608,0.6074668725245672,0.018889859131193384,0.0002605076870092708
346.0,0.630083698044616,0.6538621822337066,0.6071699470144293,0.018900313685742753,0.0002487172533317591
347.0,0.6299355051225727,0.6537152015562707,0.6070208244723483,0.0189056249087761,0.00023306796993974579
348.0,0.6297880197645427,0.6535689477066116,0.6068723907871361,0.018910932486673113,0.000225314517414987
349.0,0.6297880197645427,0.6535689477066116,0.6068723907871361,0.018910932486673113,0.00021750285941606222
350.0,0.629640396884571,0.6534225891371246,0.6067237894504136,0.01891627243528202,0.00023289435979976562
351.0,0.6292984641362659,0.6530836378170141,0.6063795416586781,0.018928691467315465,0.00023292170739449606
352.0,0.6290538785699273,0.6528412362142146,0.6061332529229511,0.018937623292585273,0.0002495756904309566
353.0,0.6289562995709204,0.6527445562638297,0.6060349687771871,0.01894121022675338,0.0002509065598357078
354.0,0.6289075840985708,0.6526962917476298,0.6059858993187504,0.01894300289675902,0.00023303371717481268
355.0,0.6287602982755112,0.6525504278460202,0.6058374890620004,0.018948470780168453,0.0002561301701383499
356.0,0.6287113075067392,0.6525019173259595,0.6057881175380074,0.018950295593391713,0.0002599871549452902
357.0,0.6287113075067392,0.6525019173259595,0.6057881175380074,0.018950295593391713,0.0002520515309468129
358.0,0.6285643933420993,0.6523564897260063,0.6056400186171093,0.018955806371115866,0.00024420594004394497
359.0,0.6282243483502437,0.6520200397127339,0.6052970887734825,0.018968691381635552,0.00025195913800595216
360.0,0.628175789665453,0.6519720046521642,0.6052481086784183,0.018970540670263464,0.0002597232745600176
361.0,0.627788041755529,0.6515885276169424,0.6048569130244457,0.018985386615017946,0.00025569609592387185
362.0,0.6277396040891035,0.6515406398285909,0.6048080295430442,0.018987255105311525,0.00023996579157355326
363.0,0.6275926008073862,0.6513953633478915,0.6046596195732405,0.018992973488404893,0.00022053351331684598
364.0,0.627205895675171,0.651013556623246,0.60426888437737,0.01900830723873985,0.00023933650253604017
365.0,0.6271098245101989,0.6509187429372985,0.6041717745415719,0.01901215132203888,0.00025037026187760535
366.0,0.6269151918296001,0.6507265951586143,0.6039750959565804,0.01901989353734432,0.00024230681466472413
367.0,0.6268663742855195,0.6506783969284738,0.6039257689587465,0.019021832923894963,0.00023845789799530845
368.0,0.6266222459500785,0.6504374112413616,0.6036790509572045,0.019031572518596565,0.00027884586213121245
369.0,0.6265255397745011,0.6503419783788407,0.603581292682155,0.019035454932555235,0.00028931282304123766
370.0,0.6264293248315514,0.6502470370406845,0.6034840247799625,0.019039324091799315,0.0002844424956093472
371.0,0.6262856587058534,0.650105287052603,0.6033387731376615,0.019045114767603694,0.000298961914781633
372.0,0.6262856587058534,0.650105287052603,0.6033387731376615,0.019045114767603694,0.00027171149872775
373.0,0.6259527763447459,0.6497769998496267,0.6030020734959769,0.019058664515330545,0.00027879270832823817
374.0,0.6257663805663258,0.6495932604782955,0.6028134632493702,0.019066323160223695,0.00028153546133360816
375.0,0.625720997070648,0.6495485369207938,0.6027675283992346,0.019068198759707992,0.00026882385283088394
376.0,0.625720997070648,0.6495485369207938,0.6027675283992346,0.019068198759707992,0.0002791909808390391
377.0,0.6252154985954623,0.6490506008244287,0.6022556934591032,0.019089275896625638,0.00028506533097864383
378.0,0.6249384122500535,0.6487777766488165,0.6019750262234314,0.019100935169056123,0.0002812405429626544
379.0,0.6246604211995145,0.6485041589103838,0.6016933530149499,0.019112719126892354,0.00028687760393409576
380.0,0.6244310607333134,0.6482784649341462,0.601460900985103,0.019122495027795675,0.0003010241114483726
381.0,0.6243855698262876,0.648233709337354,0.601414789446072,0.019124441338150736,0.00031158890561375544
382.0,0.6242494316675866,0.6480997698003298,0.6012767957892686,0.019130265557260957,0.00030017665994152816
383.0,0.6240690841853861,0.6479223798139389,0.6010939488582363,0.019138020473240695,0.00030026679302454966
384.0,0.6238423735582597,0.6476993929598516,0.6008640910933558,0.01914778003511665,0.00029225318101871344
385.0,0.6236175639697139,0.6474784104743706,0.6006360363530826,0.019157570337077972,0.00029959263668834473
386.0,0.6233504681562314,0.6472159426036536,0.6003650104591837,0.019169275103325712,0.00031096487261429815
387.0,0.6233504681562314,0.6472159426036536,0.6003650104591837,0.019169275103325712,0.00031475888867842756
388.0,0.6230368971106923,0.6469078751913804,0.6000467609896992,0.019183084668617317,0.0002742888017777339
389.0,0.6227645223812006,0.6466403396644271,0.5997702688081152,0.019195137076502805,0.0002707373664655466
390.0,0.6225375227650954,0.6464174571296846,0.5995397602214673,0.019205255698951224,0.00028536537458251885
391.0,0.6225375227650954,0.6464174571296846,0.5995397602214673,0.019205255698951224,0.0002817133777556324
392.0,0.6225375227650954,0.6464174571296846,0.5995397602214673,0.019205255698951224,0.0003220903551018803
393.0,0.6223057376609614,0.6461899060334285,0.5993043647328262,0.019215619132868275,0.00031852006655095803
394.0,0.6220288722629872,0.6459182050253653,0.5990230882564069,0.01922809228362178,0.00031499471836021514
395.0,0.6218428226777313,0.6457356643596726,0.5988340391663903,0.019236510563779948,0.0003041154037816959
396.0,0.6217967410938504,0.6456904569990265,0.5987872099455789,0.019238600292209935,0.000296938820719882
397.0,0.6217967410938504,0.6456904569990265,0.5987872099455789,0.019238600292209935,0.0002815394815721207
398.0,0.621564833475255,0.6454630441072832,0.5985514519335213,0.019249197649336823,0.0002840118983683866
399.0,0.6211055815417588,0.6450129540926268,0.598084334556811,0.019270412613239377,0.0002899903069997298
400.0,0.62092270290405,0.6448338017092949,0.5978982521797838,0.01927893074042135,0.0002824279241717587
401.0,0.6203756630888267,0.6442983521868103,0.5973412194110772,0.0193047915454427,0.00028204803821112217
402.0,0.6202852363882947,0.6442099032452473,0.5972490838001583,0.019309119646065916,0.0002927502171014812
403.0,0.6201499987135802,0.6440776546771236,0.5971112615252063,0.01931561944167221,0.00029640359425015244
404.0,0.6200597961364139,0.6439894588896131,0.5970193230299974,0.01931996675212162,0.00028137103992722514
405.0,0.6199253450158495,0.6438580394782378,0.5968822470733615,0.019326481142752948,0.0002840435781870171
406.0,0.6198507141390209,0.6437851051848336,0.5968061465394653,0.019330109114861483,0.00030087166073302735
407.0,0.6198209824974439,0.6437560557017326,0.5967758236177372,0.019331559647814103,0.00029724330485068716
408.0,0.6194341610571447,0.6433781974007866,0.5963812286998389,0.019350513642377738,0.0003114520945608264
409.0,0.6192567293709897,0.6432049341695315,0.5962001789777633,0.019359260750693667,0.00030693076380227524
410.0,0.6190354357466599,0.6429889143466578,0.5959743040150918,0.01937023657500725,0.00028053962616957166
411.0,0.6189036145449958,0.6428602837882824,0.5958397084972362,0.019376817065155472,0.0002800902288246727
412.0,0.6188593553992819,0.6428171139821297,0.5957945011761814,0.01937904163630137,0.00027514844972460414
413.0,0.6188150962535681,0.6427739441759771,0.5957492938551264,0.019381266207447265,0.0002785152692160537
414.0,0.6185060764266774,0.6424726194381306,0.595433571812878,0.019396879003931847,0.0002746175195984069
415.0,0.6181124421506882,0.6420890268142938,0.5950311797681426,0.01941697872572723,0.0002743445235171519
416.0,0.6181124421506882,0.6420890268142938,0.5950311797681426,0.01941697872572723,0.00028434140828379893
417.0,0.617937527683409,0.6419186812570716,0.5948522753251424,0.019426003131680754,0.0002992618029532793
418.0,0.6177628109844356,0.6417485626194929,0.5946735417336168,0.01943504955978293,0.00031776947221396647
419.0,0.6176314468204,0.6416206852686597,0.5945391301552203,0.019441878312218115,0.00030373394522709407
420.0,0.6174551046508547,0.6414490742545795,0.5943586507007501,0.0194510895404148,0.00029288234559088924
421.0,0.6169701825066063,0.6409773603381542,0.5938621699546738,0.019476603215510126,0.0002921217475740088
422.0,0.6168390448870545,0.6408498817396404,0.5937278263546564,0.019483579113289705,0.0002815224724360122
423.0,0.6167529686607378,0.6407662414890233,0.5936396141526763,0.019488186701331095,0.00029856495695110443
424.0,0.6166670738311494,0.640682790889527,0.5935515755421559,0.019492796480596163,0.0003053300964810358
425.0,0.6164099943098036,0.640433099048709,0.5932880134665817,0.019506658305779873,0.0002973418660810453
426.0,0.6161520074878399,0.6401825767689461,0.5930234750456926,0.019520620780481685,0.0002722958245543854
427.0,0.6158947791479017,0.6399328338530483,0.5927596755828175,0.019534587613998948,0.00028591943677781274
428.0,0.6156825132804807,0.6397268072527814,0.5925419301829972,0.019546171106113633,0.00029202384696709523
429.0,0.6156401771365566,0.6396857277051856,0.592498489957325,0.019548492244662628,0.00028125879602715315
430.0,0.6154293289053269,0.6394811747549628,0.5922821090425252,0.019560085497800497,0.0002905945804823659
431.0,0.6154293289053269,0.6394811747549628,0.5922821090425252,0.019560085497800497,0.0002961125884458454
432.0,0.6151758472072139,0.6392353566679335,0.5920218884008069,0.01957410942575787,0.0002666302565902849
433.0,0.6150492738090488,0.6391126679529986,0.5918918966707893,0.019581162717599417,0.0002658361175903713
434.0,0.6148398678207733,0.6389097624293254,0.5916767676619786,0.01959289633772814,0.0002911316529850964
435.0,0.6147559637933372,0.6388284849156487,0.5915905504266553,0.019597617467103118,0.000306428264318806
436.0,0.614589038552265,0.6386668042978068,0.5914190056016577,0.019607029118076325,0.0003011976952644366
437.0,0.6143399496244141,0.6384255959235969,0.5911629735937064,0.01962112604375936,0.00029581461553562213
438.0,0.6142988268880405,0.6383857824176341,0.5911206971038944,0.019623461115860823,0.0002810568116391312
439.0,0.6140535229025776,0.6381483180107963,0.5908684836344402,0.019637419409323422,0.000285168297465321
440.0,0.6138103199416022,0.6379129295586206,0.5906183922862873,0.019651302439334776,0.00028786581517497125
441.0,0.6136891641530993,0.6377956736312983,0.5904937988285033,0.019658227873180365,0.0002978047506867797
442.0,0.6135686681944529,0.6376790875995125,0.590369855180158,0.019665143547557277,0.0003008607578929401
443.0,0.6131724429131622,0.6372958797632907,0.5899621458328006,0.019688030774142544,0.0002832482281418503
444.0,0.6128995749119839,0.6370321448909363,0.5896812145823558,0.01970394385689859,0.0002849501853082344
445.0,0.6127079196689282,0.6368470654106682,0.589483747703692,0.019715258096915385,0.0002825780905071253
446.0,0.6125171724781941,0.6366629390249003,0.5892871464377926,0.019726586305020104,0.0002957940570933592
447.0,0.6124422516546277,0.6365906203475382,0.5892099249074977,0.019731038989559736,0.0002907905221537603
448.0,0.6121804785898151,0.6363379961222665,0.5889400611896978,0.01974665069655692,0.0002904293530439864
449.0,0.6121060326986296,0.6362661646357755,0.5888633029664224,0.019751102908983364,0.00029564702827798966
450.0,0.6117742521089763,0.6359460765451932,0.5885211802496279,0.01977099037768008,0.00028692317292539586
451.0,0.6117378551300453,0.6359109610730826,0.5884836499349879,0.019773172527903417,0.00028669449015497996
452.0,0.6117014581511143,0.635875845600972,0.588446119620348,0.019775354678126755,0.0002908321335326149
453.0,0.6115550038409056,0.6357345897451181,0.5882950664565786,0.019784171902561445,0.00028664104387472045
454.0,0.6113756651416498,0.6355618554708922,0.5881098758786969,0.019795166228797186,0.0002819930335175785
455.0,0.6111308152354231,0.6353263308371802,0.5878567520382335,0.01981043404226702,0.00026799299311229964
456.0,0.6110262475952415,0.6352257872002471,0.5877486128243152,0.01981699151523103,0.00026511920943240205
457.0,0.6107826168968125,0.6349916107389662,0.5874965886071759,0.019832340953344713,0.0002513867185232317
458.0,0.6106786556001796,0.6348917303175392,0.5873890028872027,0.019838932017837114,0.0002663961688382154
459.0,0.6105411822113256,0.6347596574104875,0.5872467332021186,0.019847654197771174,0.0002614747716764545
460.0,0.61030178452488,0.6345297286700344,0.5869989243450286,0.01986290385998979,0.0002609039380123525
461.0,0.6101310275354639,0.6343657821890517,0.5868221162303955,0.01987383379651673,0.0002446808814434255
462.0,0.6100628116777549,0.63430030465577,0.5867514668797549,0.01987821595230537,0.00024447088650267676
463.0,0.6097244077207995,0.6339756135875176,0.5864008731716707,0.019900072348802554,0.0002415463931927757
464.0,0.6096236014325971,0.6338789242228894,0.5862964064931914,0.019906613267678893,0.0002511702789995128
465.0,0.6094679345944676,0.6337296277467213,0.5861350756559854,0.019916728649161393,0.0002365217087745843
466.0,0.6094457823764965,0.6337083822672716,0.5861121172700009,0.019918168673828843,0.0002352519421372253
467.0,0.6091883460709779,0.6334615283032735,0.5858452714399559,0.019934947123210877,0.0002480871536576169
468.0,0.608987520466763,0.6332690368572695,0.5856370334030365,0.019948108975364497,0.00024403057110853726
469.0,0.6089208762411094,0.6332051732811126,0.5855679157006368,0.01995249064149799,0.0002408169141356988
470.0,0.6087878799949318,0.633077746287839,0.5854299649746253,0.019961253751969804,0.00023922986457614506
471.0,0.6087547753164275,0.6330460286891744,0.585395626346327,0.01996343612925055,0.0002213717906004642
472.0,0.6087547753164275,0.6330460286891744,0.585395626346327,0.01996343612925055,0.00022219900222427948
473.0,0.6084916863113935,0.6327940252263141,0.5851226742819857,0.01998083902235074,0.00022438971474143376
474.0,0.6084916863113935,0.6327940252263141,0.5851226742819857,0.01998083902235074,0.00019662299363654167
475.0,0.6082629937041975,0.6325750468111986,0.5848853371340095,0.01999604140781768,0.00018837397141081128
476.0,0.6080027094611546,0.6323258989541043,0.5846151412273968,0.0200134218590161,0.0001756093241036108
477.0,0.6078092435632648,0.6321408107244813,0.5844142164214496,0.020026430605109634,0.00017381834706103462
478.0,0.6077451452829368,0.6320795026074045,0.5843476336410061,0.020030754073403104,0.0001526735452573981
479.0,0.6076277015238045,0.6319671919188595,0.5842256186495469,0.020038694784817547,0.00013617636261460483
480.0,0.6076063865530211,0.6319468111249892,0.5842034716952011,0.02004013834568883,0.00013071193612341413
481.0,0.6074261585472975,0.6317745692762768,0.5840161285960849,0.02005241868989699,0.00011978586743573951
482.0,0.6073318875377708,0.6316845472137782,0.5839180699403156,0.020058902667175776,0.00011707601962134669
483.0,0.6073318875377708,0.6316845472137782,0.5839180699403156,0.020058902667175776,0.00011708972802064189
484.0,0.6073318875377708,0.6316845472137782,0.5839180699403156,0.020058902667175776,9.544918935223498e-05
485.0,0.6073318875377708,0.6316845472137782,0.5839180699403156,0.020058902667175776,9.545830076966038e-05
486.0,0.6073318875377708,0.6316845472137782,0.5839180699403156,0.020058902667175776,7.664141964375558e-05
487.0,0.6073318875377708,0.6316845472137782,0.5839180699403156,0.020058902667175776,5.5219893709759505e-05
488.0,0.6073318875377708,0.6316845472137782,0.5839180699403156,0.020058902667175776,3.929595007873802e-05
489.0,0.6073318875377708,0.6316845472137782,0.5839180699403156,0.020058902667175776,3.402053672305649e-05
490.0,0.6073318875377708,0.6316845472137782,0.5839180699403156,0.020058902667175776,2.4352830100788695e-05
491.0,0.6073318875377708,0.6316845472137782,0.5839180699403156,0.020058902667175776,0.0
492.0,0.6073318875377708,0.6316845472137782,0.5839180699403156,0.020058902667175776,0.0
493.0,0.6073318875377708,0.6316845472137782,0.5839180699403156,0.020058902667175776,0.0
494.0,0.6073318875377708,0.6316845472137782,0.5839180699403156,0.020058902667175776,0.0
495.0,0.6073318875377708,0.6316845472137782,0.5839180699403156,0.020058902667175776,0.0
496.0,0.6073318875377708,0.6316845472137782,0.5839180699403156,0.020058902667175776,0.0
497.0,0.6073318875377708,0.6316845472137782,0.5839180699403156,0.020058902667175776,0.0
498.0,0.6073318875377708,0.6316845472137782,0.5839180699403156,0.020058902667175776,0.0
499.0,0.6073318875377708,0.6316845472137782,0.5839180699403156,0.020058902667175776,0.0
